"(2, 1)",268.22802734375,266.8951110839844,267.0777587890625,267.501220703125,267.90631103515625,267.4042358398437,267.3338317871094,267.3776550292969,267.0853271484375,266.0995788574219,266.31671142578125,266.5338439941406,266.7509765625,266.9681091308594,267.18524169921875,263.60089111328125,263.20001220703125,263.8519287109375,265.0818786621094,266.0606689453125,265.9794006347656,266.2193603515625,266.8705139160156,267.2431945800781
"(2, 2)",266.17034912109375,265.6522521972656,265.875732421875,266.8163604736328,268.052490234375,267.30055236816406,267.01185607910156,267.5933380126953,267.9713897705078,268.02093505859375,270.1009216308594,271.71368408203125,272.6940002441406,272.4590759277344,271.4081420898437,269.8148193359375,268.1173095703125,266.8483581542969,266.47235107421875,264.63946533203125,263.9051513671875,263.953369140625,263.75714111328125,264.3485107421875
"(2, 3)",264.1126708984375,264.4093933105469,264.6737060546875,266.1315002441406,268.1986694335937,267.1968688964844,266.6898803710937,267.8090209960937,268.8574523925781,269.9422912597656,270.4067077636719,271.7873840332031,272.30975341796875,271.7824401855469,270.4024963378906,269.423095703125,268.2001037597656,267.58660888671875,267.3340148925781,266.77545166015625,266.8150634765625,267.5340881347656,268.0661926269531,268.6870422363281
"(2, 4)",269.69580078125,267.0094299316406,265.631591796875,260.9945373535156,264.5116882324219,264.3880615234375,264.65289306640625,268.3460388183594,269.2705078125,267.9054260253906,269.0932922363281,270.65301513671875,271.5224609375,270.46881103515625,269.8221435546875,269.0649108886719,267.5287475585937,266.67266845703125,265.78326416015625,265.2276916503906,264.48712158203125,263.582763671875,263.0893249511719,263.0176086425781
"(2, 5)",262.8519287109375,262.3502197265625,261.9351806640625,260.9949645996094,260.82470703125,261.5792541503906,261.2606506347656,261.98809814453125,262.4280090332031,263.5501708984375,265.0706787109375,266.3558349609375,267.781494140625,268.2812194824219,267.085693359375,266.8219299316406,265.7557373046875,266.04669189453125,266.5451965332031,267.4112243652344,268.0555725097656,268.6184997558594,268.19903564453125,267.8636474609375
"(2, 6)",267.3357238769531,267.49371337890625,267.5754089355469,267.6061096191406,267.1082763671875,266.6606750488281,266.6034545898437,266.4310607910156,267.07452392578125,267.0007019042969,267.8565979003906,267.7578430175781,267.0700988769531,266.9626159667969,265.8612670898437,267.29126993815106,265.7237040201823,260.42437744140625,260.8216247558594,261.4738464355469,264.7055053710937,265.7371520996094,265.88775634765625,265.30584716796875
"(2, 7)",263.3236694335937,267.21094767252606,260.5666198730469,259.5896911621094,265.9209442138672,265.55076599121094,265.55499267578125,265.7679138183594,266.6034240722656,267.3828430175781,268.7369384765625,269.5885314941406,269.49330139160156,269.0996551513672,267.51087951660156,267.76060994466144,265.69167073567706,262.9427795410156,263.07508850097656,263.44989013671875,265.0598907470703,265.5154266357422,265.60716247558594,265.0448455810547
"(2, 8)",263.4738388061523,266.9281819661458,263.4398193359375,264.43389892578125,264.7336120605469,264.4408569335937,264.50653076171875,265.1047668457031,266.13232421875,267.7649841308594,269.6172790527344,271.4192199707031,271.91650390625,271.2366943359375,269.1604919433594,268.2299499511719,265.6596374511719,265.461181640625,265.3285522460937,265.4259338378906,265.4142761230469,265.293701171875,265.3265686035156,264.7838439941406
"(2, 9)",263.62400817871094,266.6454162597656,266.37646484375,265.4685974121094,265.51336669921875,265.3227844238281,264.550537109375,265.01348876953125,264.3682556152344,265.983642578125,268.103271484375,268.6337890625,270.21856689453125,270.0465087890625,266.24623616536456,267.3155059814453,265.99095153808594,265.96075439453125,266.306884765625,265.95921325683594,265.19932556152344,264.9287567138672,264.90733337402344,264.52284240722656
"(2, 10)",263.77417755126953,264.2441711425781,263.7479248046875,263.7085418701172,263.5550537109375,263.5257263183594,262.5986785888672,261.81744384765625,260.7245788574219,261.4315948486328,263.2255554199219,263.95741271972656,265.29396057128906,265.42926025390625,263.3319803873698,266.40106201171875,266.322265625,266.4603271484375,267.28521728515625,266.49249267578125,264.984375,264.5638122558594,264.48809814453125,264.2618408203125
"(2, 11)",263.9243469238281,261.8429260253906,261.119384765625,261.948486328125,261.59674072265625,261.7286682128906,260.6468200683594,258.62139892578125,257.0809020996094,256.8795471191406,258.34783935546875,259.2810363769531,260.3693542480469,260.81201171875,260.417724609375,259.3069152832031,257.84783935546875,257.0577087402344,256.6158447265625,256.576171875,256.4490966796875,256.2635498046875,256.1980895996094,256.1387939453125
"(2, 12)",256.5776672363281,256.4338073730469,256.0904235839844,256.0248718261719,255.5221710205078,255.41546630859372,255.3990478515625,254.47967529296875,255.2167510986328,257.8497009277344,260.4601135253906,262.32672119140625,263.649658203125,263.6997985839844,262.4957580566406,260.2865600585937,257.53570556640625,256.9205322265625,255.94644165039065,255.3077392578125,254.47879028320312,254.24008178710935,254.16587829589844,254.0015411376953
"(2, 13)",254.5985412597656,253.98138427734372,253.75540161132807,253.6276397705078,253.0679473876953,253.3079376220703,253.26901245117188,251.9003448486328,253.2848358154297,255.89181518554688,258.87872314453125,260.926513671875,262.28125,262.5329895019531,261.4404296875,258.3485717773437,255.8570098876953,254.9304962158203,254.5541534423828,254.61875915527344,254.3956298828125,254.2017517089844,253.4976501464844,252.84461975097656
"(2, 14)",252.3344573974609,251.9546356201172,251.63522338867188,251.34881591796875,251.45346069335935,251.95632934570312,252.2185821533203,253.0987091064453,255.40750122070312,258.17205810546875,258.7626037597656,258.930908203125,259.8387145996094,259.7940979003906,258.7266540527344,256.4093933105469,252.78854370117188,252.3923492431641,251.9170837402344,250.85044860839844,250.6131896972656,250.3671722412109,249.74078369140625,249.80897521972656
"(2, 15)",249.30252075195312,248.69358825683597,248.22952270507807,248.39361572265625,248.02980041503903,252.1076431274414,249.8924865722656,250.4446258544922,253.9344787597656,258.6845932006836,257.6703186035156,258.6990661621094,257.69854736328125,257.263427734375,257.2103271484375,257.6384582519531,256.5241394042969,256.4659423828125,255.2805938720703,254.928955078125,254.5640869140625,254.3267974853516,253.79324340820312,253.86184692382807
"(2, 16)",254.3280029296875,253.4575653076172,252.86752319335935,253.16835021972656,252.97105407714844,252.2589569091797,251.66195678710935,252.1961212158203,252.46145629882807,259.19712829589844,259.14049275716144,260.3697916666667,260.0514831542969,259.7874043782552,259.3544921875,258.8499348958333,254.3926696777344,255.5875015258789,254.85137939453125,255.17288208007812,255.28157043457028,255.0313720703125,254.50819396972656,254.78251647949216
"(2, 17)",253.73287963867188,254.59832763671875,253.9497985839844,252.90008544921875,253.2206115722656,253.0266571044922,252.98550415039065,253.8317108154297,256.31036376953125,259.7096633911133,260.6106669108073,262.04051717122394,262.4044189453125,262.31138102213544,261.4986572265625,260.0614115397135,255.6169891357422,254.7090606689453,254.4221649169922,255.41680908203125,255.99905395507807,255.73594665527344,255.22314453125,255.70318603515625
"(2, 18)",255.56375122070312,255.10162353515625,255.19932556152344,255.2191925048828,254.008544921875,253.9300079345703,254.23336791992188,255.69644165039065,257.70233154296875,260.2221984863281,262.0808410644531,263.71124267578125,264.7573547363281,264.8353576660156,263.642822265625,261.2728881835937,257.2699584960937,257.0381164550781,256.2641906738281,255.49253845214844,255.6898651123047,255.13446044921875,254.59359741210935,253.9436798095703
"(2, 19)",254.114013671875,253.2997131347656,252.9607696533203,252.7979888916016,252.5688323974609,252.3823699951172,252.3426513671875,252.0105438232422,253.53466796875,255.9766540527344,258.2542724609375,260.06646728515625,261.52227783203125,261.5569763183594,260.5368957519531,258.7422180175781,256.3226318359375,254.72987365722656,253.91433715820312,253.40130615234372,253.0472412109375,252.74603271484372,252.3346405029297,252.15480041503903
"(2, 20)",252.4777374267578,251.88853454589844,251.81076049804688,251.7054901123047,251.0423583984375,250.8896484375,250.91409301757807,250.470947265625,252.47314453125,255.6773681640625,258.5550231933594,260.4493408203125,262.05767822265625,262.4217834472656,261.3715209960937,259.6544189453125,257.03369140625,255.47198486328125,254.4180908203125,253.7028045654297,253.32699584960935,253.18099975585935,253.0057830810547,252.9002990722656
"(2, 21)",252.63079833984372,252.1354217529297,251.85791015625,251.4436187744141,251.088623046875,250.5961151123047,250.2489318847656,250.3795623779297,253.1670379638672,255.53665161132807,257.4974060058594,259.1049194335937,260.0607452392578,259.9525451660156,258.91424560546875,257.60064697265625,254.684326171875,254.3024444580078,254.34132385253903,254.83482360839844,254.665283203125,254.311767578125,253.60630798339844,253.54916381835935
"(2, 22)",253.36175537109372,253.07508850097656,252.86892700195312,252.31854248046875,252.22080993652344,251.96148681640625,251.7801971435547,252.484619140625,254.1768341064453,256.6974182128906,258.1246643066406,258.6170959472656,258.0638122558594,257.6390686035156,256.7879943847656,255.91172790527344,254.11163330078125,252.9701690673828,252.16534423828125,251.52908325195312,251.4154815673828,251.2797088623047,250.973876953125,250.4392242431641
"(2, 23)",250.4306640625,250.2808837890625,250.1184234619141,249.79037475585935,249.71875,249.7339630126953,250.0107421875,251.14340209960935,253.27378845214844,255.8294982910156,257.6513366699219,258.9970703125,260.2623596191406,260.2692565917969,260.131103515625,258.3432006835937,255.79214477539065,254.66653442382807,253.98764038085935,253.4442596435547,253.1993408203125,253.03173828125,252.8111572265625,252.5920867919922
"(2, 24)",252.7442169189453,252.2754364013672,252.0367431640625,251.9356689453125,252.3614044189453,252.5382843017578,253.618896484375,254.4967041015625,257.86627197265625,257.9554138183594,259.3757568359375,261.3354034423828,262.12787475585935,261.82314046223956,261.9023132324219,259.7289733886719,259.1288146972656,259.0092163085937,258.9615478515625,258.5431213378906,258.0362548828125,258.3221740722656,258.66314697265625,259.11865234375
"(2, 25)",260.3937072753906,261.46148681640625,261.7131652832031,261.9368591308594,262.0046081542969,262.6938171386719,263.0501403808594,264.5390625,266.8192138671875,260.04896036783856,261.1001770019531,263.6737365722656,263.99338989257814,263.3770243326823,263.67352294921875,265.6002197265625,265.2003479003906,265.21588134765625,264.4178771972656,263.6595764160156,262.3209533691406,261.5074157714844,262.56610107421875,262.8316955566406
"(2, 26)",262.508056640625,262.2689514160156,262.2193298339844,262.04998779296875,261.7989196777344,262.046630859375,261.8388671875,261.2542724609375,264.94793701171875,262.1425069173177,262.82459716796876,266.01206970214844,265.85890502929686,264.930908203125,265.4447326660156,264.74456787109375,263.31443786621094,262.3272247314453,261.80531311035156,261.21498107910156,261.0272979736328,264.1954040527344,264.4136047363281,264.86334228515625
"(2, 27)",264.89599609375,263.6856994628906,264.2920227050781,265.21875,265.0242614746094,264.2677307128906,263.4779357910156,262.7925720214844,263.07666015625,264.2360534667969,264.54901733398435,268.35040283203125,267.72442016601565,266.4847920735677,267.2159423828125,263.888916015625,261.42852783203125,259.4385681152344,259.1927490234375,258.7703857421875,259.733642578125,260.85760498046875,261.0201110839844,260.81451416015625
"(2, 28)",260.81805419921875,260.4695129394531,260.4532165527344,260.6498413085937,260.69989013671875,260.2144775390625,260.02459716796875,260.6090393066406,261.8679504394531,264.06365966796875,266.2734375,268.1791687011719,269.5899353027344,268.03867594401044,268.9871520996094,267.6502685546875,264.28350830078125,263.27984619140625,262.2123718261719,261.3115234375,260.5663452148437,260.0728454589844,259.67755126953125,259.3804626464844
"(3, 1)",259.0070495605469,258.9967956542969,258.65789794921875,258.4156799316406,257.63690185546875,257.7920227050781,258.1333312988281,260.0686950683594,260.77606201171875,263.5757141113281,266.32672119140625,268.4508361816406,270.3473815917969,269.5925598144531,267.9483947753906,265.81890869140625,263.1046447753906,262.82196044921875,262.9205017089844,263.049072265625,262.6316833496094,262.1336364746094,262.0913391113281,261.6855163574219
"(3, 2)",261.6291809082031,261.3256530761719,261.1268920898437,261.099609375,261.0914611816406,260.9748229980469,260.8543395996094,261.86407470703125,263.21092224121094,265.9465026855469,268.0701599121094,270.4165954589844,271.97418212890625,272.0588684082031,271.7023620605469,270.36688232421875,267.8452453613281,266.78857421875,265.89288330078125,265.1133117675781,264.11981201171875,263.7412109375,263.0971069335937,263.1854553222656
"(3, 3)",263.6765441894531,263.3014831542969,263.0988464355469,263.14111328125,262.3774719238281,262.1092834472656,262.7209777832031,263.4603576660156,265.6457824707031,268.3172912597656,270.42840576171875,271.9645080566406,272.612548828125,273.2012023925781,273.078125,271.9825744628906,267.8111267089844,265.83612060546875,265.8715209960937,266.4471130371094,266.14910888671875,265.51678466796875,265.5766906738281,265.0702209472656
"(3, 4)",265.0902404785156,264.9520263671875,264.856689453125,264.9641418457031,265.18914794921875,264.734619140625,264.1201171875,263.39727783203125,264.8754577636719,269.4257049560547,269.6656188964844,271.45330810546875,271.17291259765625,270.9228210449219,271.7706604003906,271.9966125488281,269.0590515136719,268.7535095214844,269.03082275390625,268.7106628417969,268.6177673339844,268.9161376953125,269.0277709960937,268.76226806640625
"(3, 5)",268.5527038574219,267.3562316894531,266.5087890625,266.48406982421875,265.8915405273437,265.479248046875,265.6504211425781,266.96612548828125,269.1875305175781,270.5341186523437,271.8733825683594,272.6167297363281,273.580810546875,273.016357421875,271.45904541015625,269.9071655273437,268.1810607910156,266.1132507324219,265.4033203125,264.9596862792969,264.5974426269531,264.2972412109375,263.99346923828125,264.0265808105469
"(3, 6)",264.3139343261719,263.6923217773437,262.7984313964844,262.030029296875,261.6927490234375,262.2333068847656,262.2601013183594,263.7765808105469,266.5667724609375,268.2173156738281,269.8888244628906,271.6462707519531,272.41021728515625,272.4873352050781,272.30828857421875,271.7567138671875,270.0159606933594,267.6274108886719,266.48907470703125,265.2544250488281,264.54864501953125,264.230712890625,263.4418334960937,263.3734741210937
"(3, 7)",263.001953125,262.127197265625,261.7494812011719,260.6399230957031,261.3023681640625,260.1943054199219,259.9187927246094,265.225341796875,268.46836853027344,270.34429931640625,271.94873046875,273.30421447753906,273.9617004394531,273.76397705078125,273.4008331298828,272.68894958496094,268.891845703125,266.0469665527344,265.568359375,264.9288330078125,264.7482604980469,265.1664428710937,265.42071533203125,265.45233154296875
"(3, 8)",265.8849182128906,265.904296875,265.6864624023437,265.787109375,265.82305908203125,265.8031311035156,265.9052734375,266.6741027832031,270.3699645996094,272.4712829589844,274.0086364746094,274.962158203125,275.51318359375,275.0406188964844,274.4933776855469,273.6211853027344,271.83660888671875,270.5782165527344,269.9379577636719,269.5147399902344,269.2449035644531,268.6867370605469,268.3421936035156,268.2507629394531
"(3, 9)",267.93865966796875,267.59796142578125,267.2301025390625,266.87255859375,266.8057861328125,266.787841796875,266.77618408203125,267.9161376953125,269.701416015625,271.01593017578125,271.819091796875,272.41851806640625,273.34706624348956,273.2799784342448,272.76019287109375,263.1368408203125,262.87890625,263.9029846191406,264.212890625,264.4744567871094,264.98406982421875,265.6870422363281,264.90692138671875,264.6454772949219
"(3, 10)",264.3996276855469,264.20574951171875,263.1570739746094,262.6835327148437,260.5922546386719,260.2446594238281,259.84942626953125,259.2504272460937,258.1269836425781,268.2381591796875,269.4098358154297,269.92913818359375,271.1809488932292,271.5193379720052,271.0270080566406,265.63462829589844,258.81475830078125,256.659423828125,257.9358825683594,256.7901306152344,255.34580993652344,256.36883544921875,257.7818908691406,258.83465576171875
"(3, 11)",259.560791015625,259.48394775390625,259.57354736328125,259.5448913574219,259.71875,259.98828125,260.3642578125,262.3382568359375,264.4392395019531,265.4603881835937,267.0005798339844,267.43975830078125,269.01483154296875,269.7586975097656,269.2938232421875,268.1324157714844,266.6112976074219,266.0843811035156,265.2754211425781,264.7981262207031,263.3913879394531,262.7752380371094,262.8565368652344,262.5067443847656
"(3, 12)",262.4864196777344,262.4925537109375,262.3313293457031,262.2191772460937,261.7968444824219,261.3517761230469,261.2065124511719,262.8944091796875,265.5589599609375,267.14324951171875,268.7490539550781,269.7475280761719,270.1640319824219,270.04083251953125,269.3343505859375,267.7977905273437,266.7067565917969,264.3377990722656,263.8063659667969,262.8602600097656,262.2032165527344,262.5693868001302,262.4892069498698,262.1825663248698
"(3, 13)",262.0294494628906,261.8626302083333,260.5869903564453,260.5558166503906,260.09576416015625,260.2845764160156,260.2228088378906,261.76727294921875,264.56224060058594,266.8319396972656,268.5455322265625,269.8177947998047,270.5625915527344,270.48968505859375,269.8857116699219,268.62254333496094,267.21435546875,264.3590545654297,263.52439880371094,262.7992858886719,262.35752868652344,262.36353556315106,262.1218770345052,261.85838826497394
"(3, 14)",261.5724792480469,261.2327067057292,258.8426513671875,258.8924560546875,258.3946838378906,259.2173767089844,259.2391052246094,260.64013671875,263.5655212402344,266.5206298828125,268.3420104980469,269.8880615234375,270.9611511230469,270.93853759765625,270.43707275390625,269.4472961425781,267.7219543457031,264.3803100585937,263.242431640625,262.7383117675781,262.5118408203125,262.1576843261719,261.7545471191406,261.5342102050781
"(3, 15)",261.1155090332031,260.602783203125,260.0602722167969,259.4598083496094,259.1156616210937,258.85894775390625,259.1276550292969,262.67822265625,266.2499389648437,269.0759582519531,270.6928405761719,272.2327575683594,273.068359375,272.6210021972656,271.84735107421875,270.5033264160156,268.5623474121094,266.02557373046875,264.97216796875,264.1964416503906,263.6602783203125,263.211669921875,262.51922607421875,261.95672607421875
"(3, 16)",261.4920959472656,260.9638977050781,260.2062072753906,260.0157470703125,259.5377502441406,259.16168212890625,258.52215576171875,260.38775634765625,263.0936584472656,265.89654541015625,268.1252136230469,269.9542236328125,271.2640075683594,271.290771484375,270.6065673828125,269.48419189453125,267.768798828125,265.5997314453125,264.2408447265625,263.6598205566406,261.93995666503906,261.25672912597656,260.0008544921875,262.1257629394531
"(3, 17)",261.43194580078125,261.3584899902344,261.18878173828125,260.66314697265625,260.74432373046875,260.6054382324219,259.8251953125,264.10919189453125,266.0343017578125,267.96710205078125,269.2115173339844,269.948974609375,271.07110595703125,270.7764587402344,269.2796630859375,268.8009948730469,268.1888122558594,263.3832397460937,262.8824462890625,261.3460998535156,260.2196350097656,259.3017883300781,257.48248291015625,257.8113098144531
"(3, 18)",256.2635498046875,261.58131408691406,261.5241394042969,261.1236877441406,261.1304473876953,260.9987030029297,261.12823486328125,264.34413146972656,266.3908386230469,268.43505859375,269.8935852050781,270.9716491699219,272.06410217285156,271.8004913330078,266.8805847167969,266.5619201660156,265.348388671875,263.2146911621094,262.8200378417969,262.81365966796875,262.8231201171875,262.521240234375,262.0239562988281,261.7801513671875
"(3, 19)",261.6990051269531,261.8041381835937,261.8594970703125,261.584228515625,261.5165710449219,261.3919677734375,262.4312744140625,264.5790710449219,266.74737548828125,268.90301513671875,270.5756530761719,271.99432373046875,273.0570983886719,272.82452392578125,273.3130187988281,272.8047790527344,270.920654296875,267.8793029785156,265.17828369140625,263.53057861328125,262.89306640625,262.5596008300781,262.4169006347656,262.2531433105469
"(3, 20)",262.3096618652344,262.15399169921875,261.484619140625,260.5428466796875,260.1866760253906,259.82342529296875,260.9474792480469,263.8182373046875,267.4267272949219,270.05987548828125,271.4105529785156,272.95361328125,274.2830810546875,274.5315246582031,274.7149353027344,274.36749267578125,273.1877136230469,269.4279479980469,265.630859375,264.3890380859375,265.5501708984375,266.21826171875,267.094970703125,267.8016662597656
"(3, 21)",268.2440185546875,268.9864807128906,269.63873291015625,269.2320251464844,266.2821960449219,266.312744140625,268.8391418457031,269.29766845703125,271.4355773925781,273.06898498535156,274.3712463378906,274.7939453125,276.1409149169922,276.2503356933594,276.60791015625,276.0468444824219,275.2084350585937,273.52001953125,272.5761413574219,272.42877197265625,272.301025390625,272.5083923339844,272.3113098144531,272.1756591796875
"(3, 22)",272.0672607421875,271.7886657714844,272.1804504394531,272.28326416015625,272.3777160644531,272.80206298828125,273.134033203125,274.777099609375,275.4444274902344,276.0780944824219,277.3319396972656,277.6428527832031,277.9987487792969,277.65057373046875,276.8656921386719,275.5867004394531,274.4698791503906,272.0876159667969,272.66929626464844,269.533935546875,269.4677429199219,269.2811584472656,268.1310119628906,268.0988464355469
"(3, 23)",268.3900756835937,268.5521240234375,268.60107421875,268.2663269042969,267.3573913574219,266.3373107910156,267.0869140625,269.8583374023437,271.9291381835937,272.7595520019531,272.99053955078125,274.5687255859375,275.79412841796875,275.2037048339844,275.8109436035156,275.3604431152344,274.9739990234375,273.2174072265625,272.762451171875,271.71728515625,271.4136047363281,270.7991027832031,270.4063415527344,270.2182922363281
"(3, 24)",269.8316345214844,269.2928466796875,269.4205322265625,269.88397216796875,269.9623718261719,269.51251220703125,271.2820129394531,273.6329345703125,274.46112060546875,275.84649658203125,275.9999389648437,275.3728942871094,275.6029052734375,275.1929931640625,274.44903564453125,273.3055114746094,271.64764404296875,270.0127868652344,268.4442443847656,266.91241455078125,265.9920349121094,265.3106994628906,264.4015808105469,262.90020751953125
"(3, 25)",261.6236877441406,261.7850036621094,262.1036071777344,262.1895751953125,261.8076171875,261.5566101074219,263.4707336425781,266.8700866699219,268.4760131835937,270.318603515625,270.45849609375,269.048828125,268.95233154296875,267.3138427734375,267.6107482910156,266.88543701171875,266.49078369140625,265.16162109375,263.41717529296875,263.0731811523437,262.7351989746094,262.5393371582031,262.1919250488281,261.8138427734375
"(3, 26)",261.3620910644531,260.89019775390625,260.66619873046875,260.297119140625,260.1756591796875,259.8109130859375,260.7712707519531,263.6477966308594,266.0409240722656,268.5433349609375,270.75830078125,272.2476806640625,273.455078125,273.1396484375,272.47711181640625,271.8475952148437,270.8646850585937,268.3733825683594,266.4215393066406,266.3417663574219,266.1607360839844,265.5108642578125,265.5596923828125,265.7001037597656
"(3, 27)",265.1281433105469,264.712158203125,264.5323486328125,261.98219299316406,261.7764129638672,261.6521911621094,262.21441650390625,267.1164855957031,268.9187927246094,271.717529296875,272.21214294433594,273.7955780029297,275.2955017089844,274.9935760498047,274.32521057128906,273.36285400390625,265.9903259277344,264.4201965332031,263.6488647460937,264.28033447265625,264.4545288085937,264.4132385253906,264.1715393066406,264.0444641113281
"(3, 28)",263.8578491210937,263.8422546386719,263.7659606933594,263.6672668457031,263.3771667480469,263.49346923828125,265.2726745605469,268.0002746582031,270.25299072265625,272.16717529296875,273.6659851074219,275.3434753417969,277.13592529296875,276.8475036621094,276.1733093261719,274.87811279296875,272.6822509765625,268.6961975097656,265.0411376953125,263.28515625,262.135986328125,264.3218994140625,263.90892028808594,263.5937957763672
"(3, 29)",263.1857299804687,262.86753845214844,262.2217559814453,260.9854431152344,260.66552734375,260.2300720214844,261.8222351074219,267.79332478841144,265.3199768066406,267.3089599609375,273.50876871744794,270.79644775390625,272.4399719238281,272.6410827636719,271.4431457519531,270.69781494140625,269.4411926269531,267.70001220703125,265.9056701660156,265.28826904296875,264.8712463378906,264.2305603027344,263.64630126953125,263.14312744140625
"(3, 30)",262.5136108398437,261.892822265625,260.67755126953125,259.59014892578125,258.69921875,258.2414855957031,263.07187906901044,267.5863749186198,265.9119079589844,267.920849609375,273.35155232747394,271.46510620117186,272.7010192871094,272.7138671875,272.1045349121094,271.4297790527344,270.1416076660156,267.8192545572917,262.2690124511719,261.5270690917969,260.822265625,260.5802001953125,260.6069641113281,261.4320068359375
"(3, 31)",261.52955627441406,260.93910217285156,260.3987274169922,260.3730010986328,260.1565704345703,260.74090576171875,264.32152303059894,267.3794250488281,266.50383911132815,268.5327392578125,273.1943359375,272.1337646484375,272.9620666503906,272.7866516113281,272.76592407226565,272.1617431640625,270.84202270507814,267.93849690755206,258.6323547363281,257.765869140625,256.7732849121094,256.9298400878906,257.567626953125,259.72088623046875
"(4, 1)",260.5455017089844,259.9853820800781,260.1199035644531,261.1558532714844,261.6139221191406,263.2403259277344,265.5711669921875,267.17247517903644,267.09577026367185,269.14462890625,273.03711954752606,272.80242309570315,273.2231140136719,272.85943603515625,273.42731323242185,272.8937072753906,271.5424377441406,268.0577392578125,266.9905090332031,267.082763671875,268.07733154296875,268.6923522949219,260.5795593261719,262.89361572265625
"(4, 2)",263.7592468261719,262.3213195800781,261.8459981282552,263.3780059814453,263.2246551513672,263.7574768066406,265.2594451904297,266.9655253092448,267.6877014160156,269.7565185546875,272.87990315755206,273.47108154296876,274.1919403076172,274.3609619140625,274.0887023925781,273.62567138671875,272.24285278320315,273.0594787597656,267.9646759033203,267.28656005859375,267.40553283691406,267.7456359863281,263.59149169921875,266.0663452148437
"(4, 3)",266.9729919433594,264.6572570800781,263.5720926920573,265.60015869140625,264.8353881835937,264.2746276855469,264.9477233886719,266.7585754394531,268.2796325683594,270.368408203125,272.7226867675781,274.1397399902344,275.1607666015625,275.86248779296875,274.7500915527344,274.3576354980469,272.9432678222656,271.065185546875,268.9388427734375,267.4903564453125,266.7337341308594,266.7989196777344,266.6034240722656,266.3548583984375
"(4, 4)",266.3971862792969,266.9931945800781,265.2981872558594,264.3092956542969,265.0112609863281,266.35333251953125,268.3774108886719,271.0038452148437,272.8067626953125,275.6520690917969,276.726806640625,277.75946044921875,278.0007019042969,278.2662353515625,278.2565002441406,277.8827209472656,276.99267578125,275.9392395019531,274.0725402832031,272.6997375488281,271.236572265625,268.01551818847656,267.84740447998047,267.67272186279297
"(4, 5)",267.49110921223956,267.9460754394531,267.5076599121094,265.7308959960937,266.3436889648437,266.99932861328125,267.9927978515625,271.7333526611328,272.88343811035156,273.8649597167969,275.3640594482422,276.7667236328125,277.9875183105469,278.69117736816406,277.4237365722656,276.93309020996094,276.31874084472656,270.0137634277344,268.2754211425781,269.1965026855469,268.67791748046875,269.23211669921875,269.0913848876953,268.99058532714844
"(4, 6)",268.5850321451823,269.0530548095703,269.1670379638672,268.43919372558594,268.4062042236328,267.2967834472656,270.7720947265625,272.4628601074219,272.9601135253906,272.0778503417969,274.0013122558594,275.77398681640625,277.9743347167969,279.1161193847656,276.5909729003906,275.98345947265625,275.6448059082031,272.8653259277344,270.8170166015625,270.71141052246094,270.26539611816406,270.44871520996094,270.33536529541016,270.3084487915039
"(4, 7)",269.678955078125,270.1600341796875,270.826416015625,271.1474914550781,270.4687194824219,270.6799011230469,271.2701721191406,272.7859191894531,272.6793518066406,274.17901611328125,276.4328918457031,278.1318054199219,279.0328674316406,278.1370849609375,276.6310119628906,275.709228515625,275.5756225585937,275.0618591308594,273.3586120605469,272.226318359375,271.8528747558594,271.6653137207031,271.579345703125,271.6263122558594
"(4, 8)",271.8515319824219,271.3179626464844,270.25701904296875,268.8759460449219,269.91864013671875,271.1230163574219,273.65484619140625,274.9841613769531,275.8700256347656,277.2354431152344,278.807373046875,279.83465576171875,280.9755249023437,281.0202941894531,280.5482177734375,278.8846130371094,277.1180114746094,275.5736389160156,273.5162353515625,273.0683898925781,272.9179382324219,272.85614013671875,272.6847839355469,272.3516845703125
"(4, 9)",272.19195556640625,271.7955017089844,271.3621520996094,270.7274475097656,270.8621520996094,271.62164306640625,273.4679260253906,275.2137451171875,277.1471862792969,278.708740234375,280.4310607910156,281.53582763671875,282.68310546875,282.6024780273437,282.0419311523437,281.1514587402344,279.55828857421875,276.8277282714844,273.1942443847656,272.7654724121094,272.4143981933594,272.0519714355469,271.7594299316406,271.62139892578125
"(4, 10)",271.1978759765625,270.4826354980469,270.6779479980469,271.025390625,271.5721435546875,271.672119140625,275.0155334472656,278.244873046875,281.2396850585937,283.39178466796875,283.6060791015625,283.6417236328125,283.48809814453125,284.2809143066406,283.5958557128906,282.591552734375,280.91644287109375,278.30108642578125,275.0480499267578,274.2515563964844,273.6053161621094,272.97686767578125,272.5146942138672,272.30064392089844
"(4, 11)",271.69479751586914,266.6894226074219,267.2967834472656,267.6369323730469,268.97528076171875,269.79052734375,273.545654296875,275.8868408203125,278.2992553710937,280.4963073730469,282.5591125488281,284.76763916015625,286.2300109863281,285.9593505859375,285.1497802734375,284.0316467285156,282.27459716796875,279.7744445800781,276.90185546875,275.7376403808594,274.7962341308594,273.9017639160156,273.2699584960937,272.9798889160156
"(4, 12)",272.1917190551758,271.8827819824219,271.8072204589844,271.0424499511719,271.1161804199219,272.1032409667969,275.9971923828125,278.8089599609375,281.636962890625,276.43577575683594,278.04180908203125,279.88685607910156,281.35231018066406,281.3096923828125,280.74815368652344,279.9940490722656,278.6250915527344,276.6923370361328,274.0511474609375,272.52845764160156,271.611083984375,270.91827392578125,269.9535827636719,268.85125732421875
"(4, 13)",272.6886405944824,264.7613525390625,264.2472229003906,264.0616760253906,264.0489196777344,264.2815246582031,265.5130310058594,267.7057189941406,270.216796875,272.375244140625,273.5245056152344,275.0060729980469,276.474609375,276.6600341796875,276.3465270996094,275.9564514160156,274.9755859375,273.6102294921875,271.200439453125,269.3192749023437,268.4259338378906,267.9347839355469,267.3770751953125,266.7959899902344
"(4, 14)",273.18556213378906,265.8417053222656,265.7433776855469,265.463623046875,265.4314270019531,266.0212707519531,269.445556640625,272.5838928222656,275.28765869140625,277.2340393066406,277.9927978515625,279.1229858398437,280.9019470214844,281.26812744140625,280.937255859375,280.0794677734375,279.2999572753906,278.0880432128906,275.5783996582031,273.418212890625,272.47076416015625,271.6506042480469,270.0550537109375,269.7540588378906
"(4, 15)",273.6824836730957,269.1836853027344,268.8558654785156,268.5546875,269.438232421875,271.1107482910156,274.3705444335937,277.8238220214844,280.0804138183594,281.2743225097656,282.1794128417969,281.32948303222656,283.01654052734375,282.9922637939453,282.5447692871094,281.6604309082031,280.78651428222656,279.55010986328125,276.3648376464844,274.04115295410156,273.1967315673828,272.59893798828125,271.7913055419922,267.05389404296875
"(4, 16)",274.17940521240234,267.2344055175781,268.2508850097656,268.9216613769531,268.76092529296875,271.12939453125,274.623779296875,277.7086486816406,280.2023620605469,281.4935302734375,281.44830322265625,283.5359802246094,285.1311340332031,284.7164001464844,284.1522827148437,283.24139404296875,282.2730712890625,281.0121765136719,277.1512756347656,274.6640930175781,273.9226989746094,273.5472717285156,273.5275573730469,273.75701904296875
"(4, 17)",274.676326751709,274.77703857421875,274.712890625,274.8804016113281,273.3478698730469,273.31512451171875,277.4690246582031,279.5400695800781,279.5184631347656,280.7380676269531,284.3206787109375,286.19049072265625,287.48291015625,287.0815734863281,286.6162414550781,286.1845092773437,285.04473876953125,283.2353515625,278.9961853027344,276.4496459960937,275.7377319335937,275.1741638183594,274.6436767578125,274.1962585449219
"(4, 18)",275.1732482910156,273.557373046875,273.67059326171875,273.64111328125,273.4639587402344,274.3213806152344,277.9998474121094,280.3922882080078,282.8036499023437,284.8375244140625,287.1975402832031,288.95538330078125,290.0666809082031,289.8709411621094,288.6364440917969,286.71044921875,284.7493896484375,282.1856384277344,278.6030578613281,276.25115966796875,275.17547607421875,274.44677734375,273.6684875488281,272.9460754394531
"(4, 19)",274.67681884765625,272.8538818359375,272.7065124511719,272.5170288085937,272.2244873046875,275.1275939941406,277.998779296875,281.2445068359375,284.0030822753906,286.8305969238281,288.6344909667969,290.2573547363281,290.3369140625,289.65234375,289.8758239746094,288.9274597167969,286.9962158203125,284.1802062988281,281.45172119140625,277.1380920410156,275.23992919921875,274.65289306640625,273.0831298828125,272.5702209472656
"(4, 20)",273.8692169189453,271.3530578613281,271.47808837890625,271.4980163574219,271.2942199707031,273.1677551269531,276.8045654296875,279.5564880371094,281.9877014160156,284.0724792480469,285.3088073730469,286.7041931152344,286.9425964355469,286.70953369140625,285.9004211425781,284.3887939453125,283.6994323730469,282.34979248046875,280.0008850097656,276.5878295898437,276.0565490722656,274.9442443847656,274.11578369140625,273.4648742675781
"(4, 21)",273.0616149902344,272.5259704589844,272.1995849609375,271.5416564941406,271.7411193847656,274.52850341796875,278.25299072265625,281.1393127441406,283.4369201660156,285.75738525390625,288.0657958984375,288.9460144042969,290.02569580078125,289.5164794921875,289.8804626464844,289.1763610839844,287.69464111328125,286.0295104980469,282.892822265625,277.6794128417969,277.0571594238281,275.61590576171875,274.9213562011719,274.1523132324219
"(4, 22)",275.2672424316406,273.1912536621094,272.98944091796875,272.8713073730469,272.5578918457031,274.3330993652344,277.8080139160156,280.6065979003906,283.1832275390625,285.0864562988281,287.0145568847656,288.5846862792969,289.7096252441406,289.6819152832031,288.8868408203125,287.9022827148437,286.5373229980469,284.4681396484375,281.44842529296875,278.8570556640625,278.0015869140625,277.1773376464844,276.54803466796875,275.97686767578125
"(4, 23)",274.08642578125,274.9434814453125,274.7710876464844,274.5785217285156,274.5218200683594,275.8594055175781,278.7538452148437,281.4702453613281,284.1622619628906,286.5814514160156,288.5290222167969,289.6998596191406,290.6871032714844,291.0231018066406,290.1585693359375,289.071533203125,287.66778564453125,285.7090759277344,282.68115234375,279.4277038574219,278.2123718261719,277.38916015625,276.6507263183594,276.0040283203125
"(4, 24)",274.1449584960937,274.9311828613281,274.5234069824219,274.0748596191406,274.0391540527344,275.6705017089844,278.8751525878906,282.0660705566406,284.9837951660156,287.4087219238281,289.1737365722656,290.6578063964844,292.3083190917969,292.82080078125,292.043212890625,291.14599609375,289.67156982421875,287.50390625,283.6064147949219,279.0556640625,278.2879638671875,277.98004150390625,277.0721740722656,276.39190673828125
"(4, 25)",275.3809814453125,274.9222106933594,274.170654296875,273.5360107421875,273.4021301269531,275.85693359375,279.9723815917969,283.3963623046875,286.2171630859375,287.91607666015625,289.7704467773437,291.68951416015625,292.7923278808594,292.8482971191406,292.5281982421875,291.4189453125,289.6826171875,287.6722717285156,284.8188171386719,281.9239807128906,281.0829467773437,280.1515197753906,278.7003173828125,277.4906005859375
"(4, 26)",277.0792541503906,275.76348876953125,273.5067443847656,272.95245361328125,272.6372375488281,274.0295715332031,277.4535827636719,279.6022033691406,281.5454406738281,283.6537475585937,284.7530212402344,285.2991943359375,285.1757507324219,282.5281677246094,280.9544372558594,278.8500671386719,278.5290832519531,277.4466247558594,275.23492431640625,272.30877685546875,271.9061584472656,271.1456604003906,270.8488464355469,270.8397216796875
"(4, 27)",270.5466003417969,270.27862548828125,270.0414123535156,269.5247802734375,269.804443359375,272.4722900390625,275.5496826171875,278.1556091308594,280.87274169921875,283.270751953125,284.6958312988281,285.4864196777344,285.8778991699219,284.9115905761719,284.2480163574219,283.41729736328125,282.6766052246094,281.52197265625,279.388671875,275.52081298828125,274.6106872558594,273.8175048828125,273.0902709960937,272.7330627441406
"(4, 28)",272.5645751953125,272.3367614746094,272.0120849609375,271.60955810546875,272.1870422363281,274.3983154296875,277.7299499511719,280.9687805175781,283.8810729980469,285.908935546875,287.59332275390625,288.7588195800781,289.4919738769531,289.3255310058594,288.9020080566406,287.92120361328125,286.2411193847656,284.1737060546875,281.1145324707031,277.8150634765625,276.3480529785156,275.1767272949219,274.2074279785156,273.3305358886719
"(4, 29)",272.5237121582031,272.2927551269531,272.1962585449219,272.159423828125,272.627685546875,274.78466796875,278.3690185546875,281.7460632324219,284.6235046386719,287.0506896972656,288.5389709472656,288.7814636230469,288.229248046875,287.2933654785156,285.92950439453125,285.3110656738281,284.1620483398437,283.5982666015625,282.0623474121094,278.6676940917969,277.286376953125,275.255615234375,273.5807800292969,272.23834228515625
"(4, 30)",271.53448486328125,271.83203125,271.8216552734375,272.0443725585937,272.8764953613281,275.4660339355469,278.8905029296875,281.5433654785156,284.1704406738281,286.0505676269531,287.3731994628906,288.0025634765625,288.0411682128906,286.8752746582031,285.42694091796875,284.1722717285156,282.6255187988281,280.7669372558594,278.8634338378906,276.3925476074219,275.14727783203125,274.0733642578125,273.16845703125,272.6326904296875
"(5, 1)",271.8247985839844,271.9991760253906,271.5487060546875,271.19927978515625,271.30908203125,273.5550537109375,275.73455810546875,278.3338623046875,280.8175354003906,282.1404724121094,282.3058776855469,283.84002685546875,284.2542724609375,283.6510009765625,282.4461975097656,281.07647705078125,279.5513610839844,278.2652587890625,276.5282897949219,272.710205078125,271.8175048828125,271.2903747558594,270.52642822265625,270.2228088378906
"(5, 2)",270.5442810058594,269.72344970703125,269.63201904296875,269.5003356933594,270.3895568847656,273.9862976074219,274.92364501953125,276.77976989746094,280.4617411295573,282.1671956380208,281.6588439941406,282.6355285644531,283.1922912597656,282.87896728515625,282.46710205078125,281.24755859375,279.4050598144531,278.5457763671875,276.3324890136719,272.1756286621094,270.93951416015625,270.8490905761719,269.4032592773437,268.6573486328125
"(5, 3)",269.4764099121094,267.6438903808594,266.6187744140625,266.56170654296875,267.891357421875,271.7655944824219,274.1127319335937,275.2256774902344,280.10594685872394,282.19391886393225,282.46329752604163,283.69822184244794,284.1291198730469,277.9053039550781,276.98345947265625,276.686279296875,276.4572448730469,275.9253845214844,274.4955444335937,271.0220642089844,270.1186218261719,269.6575927734375,269.01171875,269.0087585449219
"(5, 4)",269.0904846191406,269.25439453125,269.45556640625,269.484130859375,270.3038024902344,272.0155334472656,274.4266662597656,277.4620056152344,279.7501525878906,282.2206420898437,283.2677510579427,284.7609151204427,285.0659484863281,280.06646728515625,280.9710388183594,281.876220703125,280.7189636230469,279.4842224121094,277.455322265625,273.4125671386719,272.6022644042969,272.3789978027344,272.0171813964844,271.5035705566406
"(5, 5)",271.23846435546875,270.67041015625,270.058837890625,269.57379150390625,269.8410339355469,273.3712158203125,275.88787841796875,278.38140869140625,280.38153076171875,281.13787841796875,284.0722045898437,285.8236083984375,286.0027770996094,286.2799377441406,285.947509765625,284.8904724121094,282.54345703125,281.50701904296875,279.3580627441406,274.6151123046875,272.9122314453125,272.406494140625,271.9789123535156,272.1570281982422
"(5, 6)",271.6513671875,270.7079467773437,269.82489013671875,268.6785583496094,269.859619140625,274.171875,276.2890930175781,277.6673583984375,282.94850158691406,284.3974304199219,283.01885986328125,285.0948181152344,286.1792297363281,284.9277038574219,286.4537658691406,284.9598083496094,284.3679504394531,282.17822265625,279.1571350097656,275.1083374023437,273.97369384765625,273.3967590332031,273.08941650390625,272.8104858398437
"(5, 7)",273.0268249511719,273.36602783203125,273.90789794921875,273.65203857421875,274.3962707519531,276.95245361328125,280.00665283203125,282.9481811523437,285.5154724121094,287.656982421875,289.6159973144531,290.8149108886719,291.7382202148437,291.456787109375,291.1929931640625,290.3826904296875,289.663330078125,287.7671813964844,285.1947326660156,281.7782287597656,279.5193176269531,278.4977722167969,277.7926940917969,277.26141357421875
"(5, 8)",276.5409545898437,276.4488220214844,275.9161376953125,275.4375305175781,276.1768493652344,278.9455871582031,281.92242431640625,284.8251953125,287.0237121582031,289.1600952148437,290.8369140625,291.6172790527344,292.2913818359375,292.33843994140625,291.6478271484375,290.4219665527344,289.131103515625,287.3804931640625,285.3587341308594,282.7555847167969,280.8225402832031,279.6963806152344,278.73486328125,277.9098815917969
"(5, 9)",277.1210632324219,276.47186279296875,276.0340881347656,275.8375549316406,276.4889221191406,279.17291259765625,281.9354858398437,284.9057006835937,287.6666259765625,290.08221435546875,292.0473022460937,293.5668640136719,294.5663757324219,294.4425354003906,293.7652893066406,292.8716735839844,291.6632080078125,289.97381591796875,287.9450988769531,284.4667663574219,282.3762512207031,281.3290405273437,280.3155212402344,279.8061828613281
"(5, 10)",279.0747375488281,278.4680480957031,277.9906311035156,277.662109375,278.5792541503906,281.7754211425781,285.2405700683594,288.6578369140625,290.9974365234375,292.5526428222656,293.754638671875,294.5626525878906,295.1324462890625,295.22314453125,294.3605651855469,293.2797546386719,291.66278076171875,290.0648803710937,287.9824523925781,283.75555419921875,281.184814453125,279.4678649902344,277.6849060058594,277.0614318847656
"(5, 11)",276.31317138671875,276.0307922363281,275.7447204589844,275.5169982910156,275.9984741210937,279.1578063964844,281.2563781738281,283.7076416015625,286.0712585449219,287.6602478027344,288.4412841796875,289.4264221191406,289.7707824707031,290.4952392578125,289.90264892578125,289.7162780761719,289.2035827636719,288.6810913085937,286.3891296386719,281.1570129394531,279.9666748046875,279.40350341796875,278.69415283203125,278.4511108398437
"(5, 12)",278.368896484375,277.8252868652344,277.4869689941406,277.0484313964844,277.7681884765625,279.9881896972656,281.9236145019531,283.66314697265625,285.1802673339844,286.7134094238281,287.20098876953125,287.148681640625,286.5797424316406,286.38385009765625,287.5887451171875,287.2103576660156,285.349365234375,283.6619567871094,282.3612365722656,278.0316772460937,276.7254638671875,277.0645446777344,276.4150695800781,276.2577819824219
"(5, 13)",275.9128112792969,276.1247253417969,275.8059387207031,275.55535888671875,276.0211181640625,278.328369140625,279.7225036621094,281.4720458984375,283.2811279296875,283.7879638671875,284.0897216796875,284.653564453125,285.2312927246094,285.54246520996094,285.2748413085937,284.7044372558594,283.975341796875,283.2294616699219,281.50634765625,278.8594665527344,277.3674011230469,277.4405822753906,276.6011962890625,275.9298400878906
"(5, 14)",274.98883056640625,274.3477783203125,273.1362609863281,271.955078125,273.80303955078125,276.6485900878906,278.43511962890625,281.501708984375,283.3777160644531,283.52301025390625,283.84051513671875,284.9044189453125,284.59336344401044,284.7010803222656,285.5369262695312,283.89502970377606,283.3421630859375,282.8524881998698,279.94358825683594,275.6164855957031,275.53173828125,274.5121459960937,274.8118896484375,275.3667907714844
"(5, 15)",276.37225341796875,276.21246337890625,276.1951904296875,275.7270812988281,276.45721435546875,278.731201171875,279.1825866699219,279.51763916015625,283.51007080078125,283.8997573852539,284.04437255859375,285.0271484375,283.95543416341144,283.8596954345703,285.7990112304687,283.0856221516927,282.708984375,282.4755147298177,278.3808288574219,275.07086181640625,273.459228515625,273.4701538085937,273.2608642578125,272.1982421875
"(5, 16)",271.233154296875,271.34686279296875,272.0984191894531,270.5358581542969,273.037841796875,276.78924560546875,278.2548828125,280.01153564453125,283.6424255371094,284.27650451660156,284.24822998046875,285.1498779296875,283.3175048828125,283.018310546875,286.06109619140625,282.2762145996094,282.0758056640625,282.0985412597656,281.0767517089844,277.5941162109375,276.0375366210937,275.7293395996094,274.18463134765625,273.8267822265625
"(5, 17)",273.8448181152344,273.0285339355469,273.12744140625,273.2390441894531,272.9415588378906,277.38392639160156,278.88897705078125,280.7325744628906,283.7747802734375,284.6532516479492,284.4520874023437,285.272607421875,284.2215169270833,284.18227132161456,286.32318115234375,283.7072041829427,282.1452941894531,280.9843444824219,279.5829467773437,276.199951171875,274.667724609375,274.304931640625,273.9622802734375,274.1044311523437
"(5, 18)",274.5382385253906,274.4880065917969,274.1996765136719,274.4259033203125,275.8105773925781,277.9786071777344,279.5230712890625,281.45361328125,283.9071350097656,285.0299987792969,284.6559448242187,285.3953369140625,285.1255289713542,285.34623209635413,286.58526611328125,285.13819376627606,283.8195495605469,282.65687561035156,281.1662902832031,278.12042236328125,268.9957580566406,271.9348449707031,271.8295288085937,271.6346130371094
"(5, 19)",271.8819885253906,273.64190673828125,274.6611328125,274.5577392578125,276.1298217773437,279.0368347167969,280.42645263671875,281.7848815917969,283.2622375488281,286.1190185546875,284.8598022460937,285.51806640625,286.029541015625,286.5101928710937,286.84735107421875,286.5691833496094,285.4938049316406,284.32940673828125,282.7496337890625,280.0408935546875,277.8160400390625,276.9913635253906,276.344970703125,275.9754943847656
"(5, 20)",275.27301025390625,275.07000732421875,275.2578430175781,274.951416015625,276.337158203125,278.2965087890625,280.3096008300781,282.8489685058594,285.4552307128906,287.2080383300781,288.0555114746094,288.8653869628906,289.3708190917969,289.27783203125,289.04547119140625,288.3342590332031,287.8441772460937,286.4305725097656,284.83746337890625,282.0982666015625,280.16583251953125,278.4543762207031,276.29473876953125,275.5125427246094
"(5, 21)",275.2512512207031,275.12261962890625,274.87213134765625,274.8018493652344,276.4714660644531,279.1869506835937,280.89288330078125,282.6448669433594,284.3510437011719,285.51373291015625,286.9846496582031,288.14373779296875,288.5346984863281,289.10565185546875,288.1094055175781,290.4691925048828,286.7799987792969,286.1270751953125,283.11529541015625,280.2673645019531,277.82586669921875,277.96795654296875,277.4975280761719,277.19268798828125
"(5, 22)",277.3110656738281,277.3417358398437,277.2102355957031,277.7410583496094,279.2357788085937,281.7441711425781,284.2242126464844,286.7092590332031,289.1134948730469,290.72802734375,291.8482666015625,292.2352905273437,292.8153991699219,292.7684020996094,292.6678161621094,292.6041259765625,291.3714599609375,289.33599853515625,284.30516052246094,275.4024963378906,273.414306640625,273.1458740234375,273.1506042480469,272.8971862792969
"(5, 23)",273.2529296875,273.79571533203125,274.2426452636719,274.7936706542969,275.4317626953125,278.3040771484375,280.5541687011719,282.1010437011719,283.2681884765625,284.4234313964844,286.0853271484375,286.8512878417969,287.34210205078125,287.0101013183594,286.9797058105469,287.2949523925781,286.74725341796875,286.1969909667969,285.4950256347656,284.0523376464844,283.52008056640625,281.29547119140625,275.7579040527344,273.4256591796875
"(5, 24)",272.1083374023437,273.1552124023437,272.9810791015625,274.8837585449219,277.1278686523437,278.1815643310547,279.8271179199219,281.5316619873047,282.6317443847656,283.62786865234375,284.98500061035156,285.7848358154297,286.2620544433594,286.42637634277344,283.6778869628906,286.6245880126953,285.94252014160156,285.1718444824219,284.2665252685547,275.8102722167969,273.9792785644531,274.0345458984375,273.4122314453125,273.8238525390625
"(5, 25)",273.5125427246094,273.8999938964844,273.8570861816406,274.6068115234375,275.9999389648437,278.0590515136719,279.1000671386719,280.9622802734375,281.99530029296875,282.8323059082031,283.8846740722656,284.7183837890625,285.1820068359375,285.8426513671875,285.9648742675781,285.9542236328125,285.1377868652344,284.1466979980469,283.0380249023437,280.8864440917969,278.1858215332031,277.2092590332031,276.3145751953125,275.7016906738281
"(5, 26)",274.7814025878906,274.4357604980469,274.12701416015625,274.1951599121094,275.4704895019531,278.4073181152344,280.3578491210937,283.04083251953125,285.4574279785156,286.97589111328125,289.4971618652344,291.30242919921875,286.183740234375,286.7008483886719,286.8929870605469,287.664560953776,286.6566925048828,285.4146779378255,281.83900451660156,279.3341064453125,276.82200622558594,277.0713348388672,276.00755310058594,275.6401672363281
"(5, 27)",274.75372314453125,274.33055114746094,274.1407928466797,274.3778381347656,278.63922119140625,278.3048604329427,279.88173421223956,282.1983235677083,284.0303141276042,285.21852620442706,287.1586608886719,290.8628845214844,287.1854736328125,287.5590454101563,287.82109985351565,289.37489827473956,288.17559814453125,286.6826578776042,280.6399841308594,277.7817687988281,275.45819091796875,276.93341064453125,275.7005310058594,275.5786437988281
"(5, 28)",274.7260437011719,274.225341796875,274.1545715332031,274.5605163574219,277.1846160888672,278.20240275065106,279.4056193033854,281.35581461588544,282.6032002766927,283.46116129557294,284.8201599121094,290.42333984375,288.18720703125,288.4172424316406,288.74921264648435,291.0852355957031,289.6945037841797,287.9506378173828,282.66407012939453,279.3865051269531,276.3415222167969,270.627685546875,271.0614929199219,271.8821105957031
"(5, 29)",272.6452331542969,272.3255615234375,272.6903686523437,273.13873291015625,275.7300109863281,278.0999450683594,278.92950439453125,280.5133056640625,281.17608642578125,281.70379638671875,282.4816589355469,289.9837951660156,289.1889404296875,289.275439453125,289.6773254394531,292.79557291666663,291.2134094238281,289.21861775716144,284.6881561279297,280.9912414550781,277.224853515625,276.1295166015625,274.55584716796875,274.5840759277344
"(5, 30)",275.61004638671875,276.6093444824219,277.1854553222656,277.238525390625,278.4051513671875,280.7071228027344,282.0708923339844,283.6783447265625,285.5406799316406,287.118408203125,288.4741516113281,289.54425048828125,290.190673828125,290.1336364746094,290.6054382324219,294.50591023763013,292.73231506347656,290.4865976969401,286.71224212646484,282.5959777832031,278.1081848144531,276.75946044921875,275.9938659667969,276.059814453125
"(5, 31)",275.61004638671875,276.6093444824219,277.1854553222656,277.238525390625,278.4051513671875,280.7071228027344,282.0708923339844,283.6783447265625,285.5406799316406,287.118408203125,288.4741516113281,289.54425048828125,290.190673828125,290.1336364746094,297.1720275878906,296.2162475585937,294.251220703125,291.75457763671875,288.736328125,284.2007141113281,278.99151611328125,277.389404296875,277.431884765625,277.5355529785156
